molecule_name,pIC50
CHEMBL156630,3.79239675697389
CHEMBL155754,4.309872512192846
CHEMBL350093,7.013545331751604
CHEMBL161907,6.200909988756362
CHEMBL17079,4.156254530051384
